"source";"target";"startpos";"issue";"group";"tempi";"type_of_statement";"past_present_relation";"attribute"
"Chkalovsk / Kystakoz / Qistaq큼z / Kostakoz";"Ferghana / Ferganskaja dolina";"102750";"1955_3";"Leninabadskij rajon / oblast' / kraj, Northern Tajikistan";"past: early Soviet";"Correction of cited research or literature";NA;"progressive / peredovyj / novyj / efficient"
"Chkalovsk / Kystakoz / Qistaq큼z / Kostakoz";"Ferghana / Ferganskaja dolina";"102750";"1955_3";"Leninabadskij rajon / oblast' / kraj, Northern Tajikistan";"past: early Soviet";"Correction of cited research or literature";NA;"changing / in a process of change"
"Chkalovsk / Kystakoz / Qistaq큼z / Kostakoz";"Ferghana / Ferganskaja dolina";"102750";"1955_3";"Leninabadskij rajon / oblast' / kraj, Northern Tajikistan";"present";"Correction of cited research or literature";NA;"progressive / peredovyj / novyj / efficient"
"Chkalovsk / Kystakoz / Qistaq큼z / Kostakoz";"Ferghana / Ferganskaja dolina";"102750";"1955_3";"Leninabadskij rajon / oblast' / kraj, Northern Tajikistan";"present";"Correction of cited research or literature";NA;"changing / in a process of change"
"gorodskoe naselenie Khoroga";"tadzhiki";"104979";"1965_6";"Pamir groups, Groups";"present";"Factual Statement by Author";NA;"modern / sovremennyj"
"gornye oblasti Tadzh. / mountainous regions of Tajikistan";"ravninnye oblasti Tadzh. / plainland regions of Tajikistan";"115389";"1955_3";"Tajikistan / TadzhSSR, Tajikistan / TadzhSSR";"present";"Factual Statement by Author";"Rupture";"changing / in a process of change"
"pripamirskie narodnosti / narody / pripamircy";"tadzhiki";"123978";"1989_5";"Pamir groups, Groups";"present";"Factual Statement by Author";"Continuity";"atheist / non-spiritual / materialist"
"gal'cha";"gornye tadzhiki";"132451";"1990_2";"groups in mountainous regions, groups in mountainous regions";"present";"Factual Statement by Author";NA;"vanishing / being replaced or erased"
"pamircy";"tadzhiki";"134627";"1989_5";"Pamir groups, Groups";NA;"Correction of cited research or literature";NA;"loyal / trustworthy"
"malochislennye etnograficheskie gruppy";"tadzhiki";"193227";"1966_4";"Groups, Groups";"present";"Literature Review";NA;"mixed / coexisting"
"Leninabadskij rajon / oblast' / kraj";"tadzhikskij khlopkovodcheskij kolkhoz v Chkalovske";"207461";"1955_4";"Northern Tajikistan, Leninabadskij rajon / oblast' / kraj";"present";NA;NA;"progressive / peredovyj / novyj / efficient"
"Leninabadskij rajon / oblast' / kraj";"tadzhikskij khlopkovodcheskij kolkhoz v Chkalovske";"207461";"1955_4";"Northern Tajikistan, Leninabadskij rajon / oblast' / kraj";"present";NA;NA;"growing (economy,  production)"
"gornye tadzhiki";"gornye tadzhiki bassejna r. Khingou";"225450";"1957_2";"groups in mountainous regions, gornye tadzhiki";"past: pre-Islamic / pre-Arab conquest";"Factual Statement by Author";"Continuity";"traditional / narodnyj / nacional'nyj"
"gornye tadzhiki";"gornye tadzhiki bassejna r. Khingou";"225450";"1957_2";"groups in mountainous regions, gornye tadzhiki";"present";"Factual Statement by Author";"Continuity";"traditional / narodnyj / nacional'nyj"
"gornye tadzhiki";"ravninnye tadzhiki";"236833";"1989_4";"groups in mountainous regions, groups in plainland regions";"present";"Factual Statement by Author";NA;"modern / sovremennyj"
"gornye tadzhiki";"ravninnye tadzhiki";"236833";"1989_4";"groups in mountainous regions, groups in plainland regions";"present";"Factual Statement by Author";NA;"egalitarian / liberated"
"gornye tadzhiki";"ravninnye tadzhiki";"236833";"1989_4";"groups in mountainous regions, groups in plainland regions";"present";"Factual Statement by Author";NA;"traditional / narodnyj / nacional'nyj"
"nizhnij Pjandzh";"verkhnij Pjandzh / bassejn verkhnego Pjandzha";"251988";"1963_6";"pripamirskie rajony / Pripamir', pripamirskie rajony / Pripamir'";"present";"Factual Statement by Author";NA;"archaic / arkhaichno"
"bassejn / dolina Zeravshan";"Ferghana / Ferganskaja dolina";"251988";"1963_6";"Zeravshan, Northern Tajikistan";"present";"Factual Statement by Author";NA;"archaic / arkhaichno"
"Sin'czjanskie tadzhiki / tadzhiki v Kitae";"vakhancy";"263590";"1956_2";"Tajiks outside the Tajik SSR, Pamir groups";"present";"Factual Statement by Author";NA;"isolated / otdalennyj / trudnodostupnyj"
"sarykol'cy";"vakhancy";"263590";"1956_2";"Pamir groups, Pamir groups";"present";"Factual Statement by Author";NA;"isolated / otdalennyj / trudnodostupnyj"
"sarykol'cy";"shugnancy";"263590";"1956_2";"Pamir groups, Pamir groups";"present";"Factual Statement by Author";NA;"isolated / otdalennyj / trudnodostupnyj"
"roshancy";"sarykol'cy";"263590";"1956_2";"Pamir groups, Pamir groups";"present";"Factual Statement by Author";NA;"isolated / otdalennyj / trudnodostupnyj"
"shugnancy";"vakhancy";"263590";"1956_2";"Pamir groups, Pamir groups";"present";"Factual Statement by Author";NA;"isolated / otdalennyj / trudnodostupnyj"
"roshancy";"vakhancy";"263590";"1956_2";"Pamir groups, Pamir groups";"present";"Factual Statement by Author";NA;"isolated / otdalennyj / trudnodostupnyj"
"roshancy";"shugnancy";"263590";"1956_2";"Pamir groups, Pamir groups";"present";"Factual Statement by Author";NA;"isolated / otdalennyj / trudnodostupnyj"
"Ishkashim / Ishkashimskij rajon";"Rushan / Rushon";"274751";"1971_1";"Gorno-Badakhshan / Sovetskij Badakhshan / GBAO, Pamir";"present";"Factual Statement by Author";NA;"traditional / narodnyj / nacional'nyj"
"Ishkashim / Ishkashimskij rajon";"Shugnan";"274751";"1971_1";"Gorno-Badakhshan / Sovetskij Badakhshan / GBAO, Pamir";"present";"Factual Statement by Author";NA;"traditional / narodnyj / nacional'nyj"
"Goron";"Ishkashim / Ishkashimskij rajon";"274751";"1971_1";"Gorno-Badakhshan / Sovetskij Badakhshan / GBAO, Gorno-Badakhshan / Sovetskij Badakhshan / GBAO";"present";"Factual Statement by Author";NA;"traditional / narodnyj / nacional'nyj"
"Rushan / Rushon";"Shugnan";"274751";"1971_1";"Pamir, Pamir";"present";"Factual Statement by Author";NA;"traditional / narodnyj / nacional'nyj"
"Rushan / Rushon";"Shugnan";"274911";"1971_1";"Pamir, Pamir";"present";"Factual Statement by Author";NA;"traditional / narodnyj / nacional'nyj"
"Ishkashim / Ishkashimskij rajon";"Pamir";"282066";"1971_1";"Gorno-Badakhshan / Sovetskij Badakhshan / GBAO, Locations";"present";"Factual Statement by Author";NA;"archaic / arkhaichno"
"Ishkashim / Ishkashimskij rajon";"Vakhan";"283224";"1971_1";"Gorno-Badakhshan / Sovetskij Badakhshan / GBAO, Gorno-Badakhshan / Sovetskij Badakhshan / GBAO";"past: pre-Russian Empire / pre-Russian colonialism";"Factual Statement by Author";NA;"flawed / in need of improvement"
"Ishkashim / Ishkashimskij rajon";"Vakhan";"283224";"1971_1";"Gorno-Badakhshan / Sovetskij Badakhshan / GBAO, Gorno-Badakhshan / Sovetskij Badakhshan / GBAO";"past: pre-Russian Empire / pre-Russian colonialism";"Factual Statement by Author";NA;"zastojnyj / non-innovative"
"Goron";"Ishkashim / Ishkashimskij rajon";"283224";"1971_1";"Gorno-Badakhshan / Sovetskij Badakhshan / GBAO, Gorno-Badakhshan / Sovetskij Badakhshan / GBAO";"past: pre-Russian Empire / pre-Russian colonialism";"Factual Statement by Author";NA;"flawed / in need of improvement"
"Goron";"Ishkashim / Ishkashimskij rajon";"283224";"1971_1";"Gorno-Badakhshan / Sovetskij Badakhshan / GBAO, Gorno-Badakhshan / Sovetskij Badakhshan / GBAO";"past: pre-Russian Empire / pre-Russian colonialism";"Factual Statement by Author";NA;"zastojnyj / non-innovative"
"Goron";"Vakhan";"283224";"1971_1";"Gorno-Badakhshan / Sovetskij Badakhshan / GBAO, Gorno-Badakhshan / Sovetskij Badakhshan / GBAO";"past: pre-Russian Empire / pre-Russian colonialism";"Factual Statement by Author";NA;"flawed / in need of improvement"
"Goron";"Vakhan";"283224";"1971_1";"Gorno-Badakhshan / Sovetskij Badakhshan / GBAO, Gorno-Badakhshan / Sovetskij Badakhshan / GBAO";"past: pre-Russian Empire / pre-Russian colonialism";"Factual Statement by Author";NA;"zastojnyj / non-innovative"
"Ishkashim / Ishkashimskij rajon";"Vakhan";"284450";"1971_1";"Gorno-Badakhshan / Sovetskij Badakhshan / GBAO, Gorno-Badakhshan / Sovetskij Badakhshan / GBAO";"past: pre-Soviet";NA;"Continuity";"innovative"
"Goron";"Ishkashim / Ishkashimskij rajon";"284450";"1971_1";"Gorno-Badakhshan / Sovetskij Badakhshan / GBAO, Gorno-Badakhshan / Sovetskij Badakhshan / GBAO";"past: pre-Soviet";NA;"Continuity";"innovative"
"Goron";"Vakhan";"284450";"1971_1";"Gorno-Badakhshan / Sovetskij Badakhshan / GBAO, Gorno-Badakhshan / Sovetskij Badakhshan / GBAO";"past: pre-Soviet";NA;"Continuity";"innovative"
"jazgulemcy";"rushancy";"293551";"1975_4";"Pamir groups, Pamir groups";"past: pre-Soviet";NA;NA;"traditional / narodnyj / nacional'nyj"
"bartangcy";"jazgulemcy";"293551";"1975_4";"Pamir groups, Pamir groups";"past: pre-Soviet";NA;NA;"traditional / narodnyj / nacional'nyj"
"goroncy / gorancy";"jazgulemcy";"293551";"1975_4";"Pamir groups, Pamir groups";"past: pre-Soviet";NA;NA;"traditional / narodnyj / nacional'nyj"
"bartangcy";"rushancy";"293551";"1975_4";"Pamir groups, Pamir groups";"past: pre-Soviet";NA;NA;"traditional / narodnyj / nacional'nyj"
"goroncy / gorancy";"rushancy";"293551";"1975_4";"Pamir groups, Pamir groups";"past: pre-Soviet";NA;NA;"traditional / narodnyj / nacional'nyj"
"bartangcy";"goroncy / gorancy";"293551";"1975_4";"Pamir groups, Pamir groups";"past: pre-Soviet";NA;NA;"traditional / narodnyj / nacional'nyj"
"Darvaz";"Karategin";"296205";"1987_1";"gornyj juzhnyj Tadzh. / mountainous regions Southern Tajikistan, gornyj juzhnyj Tadzh. / mountainous regions Southern Tajikistan";"past: pre-Soviet";"Factual Statement by Author";NA;"belligerent"
"Darvaz";"gornye rajony Kuljabskoj oblasti";"296205";"1987_1";"gornyj juzhnyj Tadzh. / mountainous regions Southern Tajikistan, Kuljabskaja oblast' / Kuljab";"past: pre-Soviet";"Factual Statement by Author";NA;"belligerent"
"Darvaz";"gornaja chast' Gissary";"296205";"1987_1";"gornyj juzhnyj Tadzh. / mountainous regions Southern Tajikistan, Gissar";"past: pre-Soviet";"Factual Statement by Author";NA;"belligerent"
"gorcy Tadzhikistana / mountaineers of Tajikistan";"karategini Fergany / karategincy Fergany";"301592";"1987_1";"gornye tadzhiki, population of Ferghana";"past: pre-Soviet";"Factual Statement by Author";NA;"loyal / trustworthy"
"gornye tadzhiki";"karategini Fergany / karategincy Fergany";"302344";"1987_1";"groups in mountainous regions, population of Ferghana";"past: pre-Soviet";"Factual Statement by Author";NA;"hard-working"
"gornye tadzhiki";"karategini Fergany / karategincy Fergany";"302344";"1987_1";"groups in mountainous regions, population of Ferghana";"past: pre-Soviet";"Factual Statement by Author";NA;"physically strong"
"gornye tadzhiki";"karategini Fergany / karategincy Fergany";"302344";"1987_1";"groups in mountainous regions, population of Ferghana";"past: pre-Soviet";"Factual Statement by Author";NA;"popular / valued by others"
"gornye tadzhiki";"karategini Fergany / karategincy Fergany";"302344";"1987_1";"groups in mountainous regions, population of Ferghana";"past: pre-Soviet";"Citation informant, local population, interviewee";NA;"hard-working"
"gornye tadzhiki";"karategini Fergany / karategincy Fergany";"302344";"1987_1";"groups in mountainous regions, population of Ferghana";"past: pre-Soviet";"Citation informant, local population, interviewee";NA;"physically strong"
"gornye tadzhiki";"karategini Fergany / karategincy Fergany";"302344";"1987_1";"groups in mountainous regions, population of Ferghana";"past: pre-Soviet";"Citation informant, local population, interviewee";NA;"popular / valued by others"
"Eastern Zeravshan";"Western Zeravshan";"310436";"1969_6";"Zeravshan, Zeravshan";NA;"Factual Statement by Author";NA;"traditional / narodnyj / nacional'nyj"
"ravniny severnogo Tadzhikistana/ Northern Tajikistan plainlands";"Southern Tajikistan";"331750";"1969_6";"ravninnye oblasti Tadzh. / plainland regions of Tajikistan, Tajikistan / TadzhSSR";"present";NA;NA;"changing / in a process of change"
"afgony Gissarskogo, Shakhrinauskogo i Regarskogo rajonov Taj.";"tadzhiki";"350670";"1956_2";"Groups, Groups";"present";"Factual Statement by Author";NA;"zazhitochno / wealthy / prosperous"
"ravninnye tadzhiki Fergany / plainlands Tajiks of Ferghana";"Sogd";"357722";"1963_5";"ravninnye tadzhiki, Historical Northern Tajikistan (Sogd + Ferghana)";"past: pre-Russian Empire / pre-Russian colonialism";"Factual Statement by Author";"Continuity";"traditional / narodnyj / nacional'nyj"
"ravninnye tadzhiki Fergany / plainlands Tajiks of Ferghana";"Sogd";"357722";"1963_5";"ravninnye tadzhiki, Historical Northern Tajikistan (Sogd + Ferghana)";"past: pre-Russian Empire / pre-Russian colonialism";"Factual Statement by Author";"Continuity";"archaic / arkhaichno"
"ravninnye tadzhiki Fergany / plainlands Tajiks of Ferghana";"Sogd";"357722";"1963_5";"ravninnye tadzhiki, Historical Northern Tajikistan (Sogd + Ferghana)";"past: pre-Russian Empire / pre-Russian colonialism";"Factual Statement by Author";"Continuity";"Muslim"
"ravninnye tadzhiki Fergany / plainlands Tajiks of Ferghana";"Sogd";"357722";"1963_5";"ravninnye tadzhiki, Historical Northern Tajikistan (Sogd + Ferghana)";"past: pre-Russian Empire / pre-Russian colonialism";"Factual Statement by Author";"Continuity";"collectivist"
"Historical Northern Tajikistan (Sogd + Ferghana)";"Sogd";"357722";"1963_5";"Historical locations, Historical Northern Tajikistan (Sogd + Ferghana)";"past: pre-Russian Empire / pre-Russian colonialism";"Factual Statement by Author";"Continuity";"traditional / narodnyj / nacional'nyj"
"Historical Northern Tajikistan (Sogd + Ferghana)";"Sogd";"357722";"1963_5";"Historical locations, Historical Northern Tajikistan (Sogd + Ferghana)";"past: pre-Russian Empire / pre-Russian colonialism";"Factual Statement by Author";"Continuity";"archaic / arkhaichno"
"Historical Northern Tajikistan (Sogd + Ferghana)";"Sogd";"357722";"1963_5";"Historical locations, Historical Northern Tajikistan (Sogd + Ferghana)";"past: pre-Russian Empire / pre-Russian colonialism";"Factual Statement by Author";"Continuity";"Muslim"
"Historical Northern Tajikistan (Sogd + Ferghana)";"Sogd";"357722";"1963_5";"Historical locations, Historical Northern Tajikistan (Sogd + Ferghana)";"past: pre-Russian Empire / pre-Russian colonialism";"Factual Statement by Author";"Continuity";"collectivist"
"pamirskie tadzhiki Gorona";"pamirskie tadzhiki Jazgulema";"403250";"1979_2";"Pamir groups, Pamir groups";"past: pre-Soviet";"Factual Statement by Author";NA;"traditional / narodnyj / nacional'nyj"
"pamirskie tadzhiki Ishkashima";"pamirskie tadzhiki Jazgulema";"403250";"1979_2";"Pamir groups, Pamir groups";"past: pre-Soviet";"Factual Statement by Author";NA;"traditional / narodnyj / nacional'nyj"
"pamirskie tadzhiki Jazgulema";"pamirskie tadzhiki Vakhana";"403250";"1979_2";"Pamir groups, Pamir groups";"past: pre-Soviet";"Factual Statement by Author";NA;"traditional / narodnyj / nacional'nyj"
"pamirskie tadzhiki Jazgulema";"pamirskie tadzhiki Rushana";"403250";"1979_2";"Pamir groups, Pamir groups";"past: pre-Soviet";"Factual Statement by Author";NA;"traditional / narodnyj / nacional'nyj"
"pamirskie tadzhiki Jazgulema";"pamirskie tadzhiki Shugnana";"403250";"1979_2";"Pamir groups, Pamir groups";"past: pre-Soviet";"Factual Statement by Author";NA;"traditional / narodnyj / nacional'nyj"
"pamirskie tadzhiki Gorona";"pamirskie tadzhiki Ishkashima";"403250";"1979_2";"Pamir groups, Pamir groups";"past: pre-Soviet";"Factual Statement by Author";NA;"traditional / narodnyj / nacional'nyj"
"pamirskie tadzhiki Gorona";"pamirskie tadzhiki Vakhana";"403250";"1979_2";"Pamir groups, Pamir groups";"past: pre-Soviet";"Factual Statement by Author";NA;"traditional / narodnyj / nacional'nyj"
"pamirskie tadzhiki Gorona";"pamirskie tadzhiki Rushana";"403250";"1979_2";"Pamir groups, Pamir groups";"past: pre-Soviet";"Factual Statement by Author";NA;"traditional / narodnyj / nacional'nyj"
"pamirskie tadzhiki Gorona";"pamirskie tadzhiki Shugnana";"403250";"1979_2";"Pamir groups, Pamir groups";"past: pre-Soviet";"Factual Statement by Author";NA;"traditional / narodnyj / nacional'nyj"
"pamirskie tadzhiki Ishkashima";"pamirskie tadzhiki Vakhana";"403250";"1979_2";"Pamir groups, Pamir groups";"past: pre-Soviet";"Factual Statement by Author";NA;"traditional / narodnyj / nacional'nyj"
"pamirskie tadzhiki Ishkashima";"pamirskie tadzhiki Rushana";"403250";"1979_2";"Pamir groups, Pamir groups";"past: pre-Soviet";"Factual Statement by Author";NA;"traditional / narodnyj / nacional'nyj"
"pamirskie tadzhiki Ishkashima";"pamirskie tadzhiki Shugnana";"403250";"1979_2";"Pamir groups, Pamir groups";"past: pre-Soviet";"Factual Statement by Author";NA;"traditional / narodnyj / nacional'nyj"
"pamirskie tadzhiki Rushana";"pamirskie tadzhiki Vakhana";"403250";"1979_2";"Pamir groups, Pamir groups";"past: pre-Soviet";"Factual Statement by Author";NA;"traditional / narodnyj / nacional'nyj"
"pamirskie tadzhiki Shugnana";"pamirskie tadzhiki Vakhana";"403250";"1979_2";"Pamir groups, Pamir groups";"past: pre-Soviet";"Factual Statement by Author";NA;"traditional / narodnyj / nacional'nyj"
"pamirskie tadzhiki Rushana";"pamirskie tadzhiki Shugnana";"403250";"1979_2";"Pamir groups, Pamir groups";"past: pre-Soviet";"Factual Statement by Author";NA;"traditional / narodnyj / nacional'nyj"
"Ishkashim / Ishkashimskij rajon";"Vakhan";"405267";"1971_5";"Gorno-Badakhshan / Sovetskij Badakhshan / GBAO, Gorno-Badakhshan / Sovetskij Badakhshan / GBAO";"past: pre-Soviet";"Factual Statement by Author";NA;"otstalyj / backward"
"Ishkashim / Ishkashimskij rajon";"Vakhan";"405267";"1971_5";"Gorno-Badakhshan / Sovetskij Badakhshan / GBAO, Gorno-Badakhshan / Sovetskij Badakhshan / GBAO";"past: pre-Soviet";"Factual Statement by Author";NA;"isolated / otdalennyj / trudnodostupnyj"
"pamirskie tadzhiki Rushana";"pamirskie tadzhiki Shugnana";"405765";"1979_2";"Pamir groups, Pamir groups";NA;"Factual Statement by Author";NA;"traditional / narodnyj / nacional'nyj"
"pamirskie tadzhiki Rushana";"pamirskie tadzhiki Shugnana";"405765";"1979_2";"Pamir groups, Pamir groups";NA;"Factual Statement by Author";NA;"diverse / mnogoobrazno"
"pamirskie tadzhiki";"pamirskie tadzhiki Rushana";"405765";"1979_2";"Pamir groups, Pamir groups";NA;"Factual Statement by Author";NA;"traditional / narodnyj / nacional'nyj"
"pamirskie tadzhiki";"pamirskie tadzhiki Rushana";"405765";"1979_2";"Pamir groups, Pamir groups";NA;"Factual Statement by Author";NA;"diverse / mnogoobrazno"
"pamirskie tadzhiki Jazgulema";"pamirskie tadzhiki Rushana";"405765";"1979_2";"Pamir groups, Pamir groups";NA;"Factual Statement by Author";NA;"traditional / narodnyj / nacional'nyj"
"pamirskie tadzhiki Jazgulema";"pamirskie tadzhiki Rushana";"405765";"1979_2";"Pamir groups, Pamir groups";NA;"Factual Statement by Author";NA;"diverse / mnogoobrazno"
"pamirskie tadzhiki Rushana";"pamirskie tadzhiki Vakhana";"405765";"1979_2";"Pamir groups, Pamir groups";NA;"Factual Statement by Author";NA;"traditional / narodnyj / nacional'nyj"
"pamirskie tadzhiki Rushana";"pamirskie tadzhiki Vakhana";"405765";"1979_2";"Pamir groups, Pamir groups";NA;"Factual Statement by Author";NA;"diverse / mnogoobrazno"
"pamirskie tadzhiki Gorona";"pamirskie tadzhiki Rushana";"405765";"1979_2";"Pamir groups, Pamir groups";NA;"Factual Statement by Author";NA;"traditional / narodnyj / nacional'nyj"
"pamirskie tadzhiki Gorona";"pamirskie tadzhiki Rushana";"405765";"1979_2";"Pamir groups, Pamir groups";NA;"Factual Statement by Author";NA;"diverse / mnogoobrazno"
"pamirskie tadzhiki Ishkashima";"pamirskie tadzhiki Rushana";"405765";"1979_2";"Pamir groups, Pamir groups";NA;"Factual Statement by Author";NA;"traditional / narodnyj / nacional'nyj"
"pamirskie tadzhiki Ishkashima";"pamirskie tadzhiki Rushana";"405765";"1979_2";"Pamir groups, Pamir groups";NA;"Factual Statement by Author";NA;"diverse / mnogoobrazno"
"pamirskie tadzhiki";"pamirskie tadzhiki Shugnana";"405765";"1979_2";"Pamir groups, Pamir groups";NA;"Factual Statement by Author";NA;"traditional / narodnyj / nacional'nyj"
"pamirskie tadzhiki";"pamirskie tadzhiki Shugnana";"405765";"1979_2";"Pamir groups, Pamir groups";NA;"Factual Statement by Author";NA;"diverse / mnogoobrazno"
"pamirskie tadzhiki Jazgulema";"pamirskie tadzhiki Shugnana";"405765";"1979_2";"Pamir groups, Pamir groups";NA;"Factual Statement by Author";NA;"traditional / narodnyj / nacional'nyj"
"pamirskie tadzhiki Jazgulema";"pamirskie tadzhiki Shugnana";"405765";"1979_2";"Pamir groups, Pamir groups";NA;"Factual Statement by Author";NA;"diverse / mnogoobrazno"
"pamirskie tadzhiki Shugnana";"pamirskie tadzhiki Vakhana";"405765";"1979_2";"Pamir groups, Pamir groups";NA;"Factual Statement by Author";NA;"traditional / narodnyj / nacional'nyj"
"pamirskie tadzhiki Shugnana";"pamirskie tadzhiki Vakhana";"405765";"1979_2";"Pamir groups, Pamir groups";NA;"Factual Statement by Author";NA;"diverse / mnogoobrazno"
"pamirskie tadzhiki Gorona";"pamirskie tadzhiki Shugnana";"405765";"1979_2";"Pamir groups, Pamir groups";NA;"Factual Statement by Author";NA;"traditional / narodnyj / nacional'nyj"
"pamirskie tadzhiki Gorona";"pamirskie tadzhiki Shugnana";"405765";"1979_2";"Pamir groups, Pamir groups";NA;"Factual Statement by Author";NA;"diverse / mnogoobrazno"
"pamirskie tadzhiki Ishkashima";"pamirskie tadzhiki Shugnana";"405765";"1979_2";"Pamir groups, Pamir groups";NA;"Factual Statement by Author";NA;"traditional / narodnyj / nacional'nyj"
"pamirskie tadzhiki Ishkashima";"pamirskie tadzhiki Shugnana";"405765";"1979_2";"Pamir groups, Pamir groups";NA;"Factual Statement by Author";NA;"diverse / mnogoobrazno"
"pamirskie tadzhiki";"pamirskie tadzhiki Jazgulema";"405765";"1979_2";"Pamir groups, Pamir groups";NA;"Factual Statement by Author";NA;"traditional / narodnyj / nacional'nyj"
"pamirskie tadzhiki";"pamirskie tadzhiki Jazgulema";"405765";"1979_2";"Pamir groups, Pamir groups";NA;"Factual Statement by Author";NA;"diverse / mnogoobrazno"
"pamirskie tadzhiki";"pamirskie tadzhiki Vakhana";"405765";"1979_2";"Pamir groups, Pamir groups";NA;"Factual Statement by Author";NA;"traditional / narodnyj / nacional'nyj"
"pamirskie tadzhiki";"pamirskie tadzhiki Vakhana";"405765";"1979_2";"Pamir groups, Pamir groups";NA;"Factual Statement by Author";NA;"diverse / mnogoobrazno"
"pamirskie tadzhiki";"pamirskie tadzhiki Gorona";"405765";"1979_2";"Pamir groups, Pamir groups";NA;"Factual Statement by Author";NA;"traditional / narodnyj / nacional'nyj"
"pamirskie tadzhiki";"pamirskie tadzhiki Gorona";"405765";"1979_2";"Pamir groups, Pamir groups";NA;"Factual Statement by Author";NA;"diverse / mnogoobrazno"
"pamirskie tadzhiki";"pamirskie tadzhiki Ishkashima";"405765";"1979_2";"Pamir groups, Pamir groups";NA;"Factual Statement by Author";NA;"traditional / narodnyj / nacional'nyj"
"pamirskie tadzhiki";"pamirskie tadzhiki Ishkashima";"405765";"1979_2";"Pamir groups, Pamir groups";NA;"Factual Statement by Author";NA;"diverse / mnogoobrazno"
"pamirskie tadzhiki Jazgulema";"pamirskie tadzhiki Vakhana";"405765";"1979_2";"Pamir groups, Pamir groups";NA;"Factual Statement by Author";NA;"traditional / narodnyj / nacional'nyj"
"pamirskie tadzhiki Jazgulema";"pamirskie tadzhiki Vakhana";"405765";"1979_2";"Pamir groups, Pamir groups";NA;"Factual Statement by Author";NA;"diverse / mnogoobrazno"
"pamirskie tadzhiki Gorona";"pamirskie tadzhiki Jazgulema";"405765";"1979_2";"Pamir groups, Pamir groups";NA;"Factual Statement by Author";NA;"traditional / narodnyj / nacional'nyj"
"pamirskie tadzhiki Gorona";"pamirskie tadzhiki Jazgulema";"405765";"1979_2";"Pamir groups, Pamir groups";NA;"Factual Statement by Author";NA;"diverse / mnogoobrazno"
"pamirskie tadzhiki Ishkashima";"pamirskie tadzhiki Jazgulema";"405765";"1979_2";"Pamir groups, Pamir groups";NA;"Factual Statement by Author";NA;"traditional / narodnyj / nacional'nyj"
"pamirskie tadzhiki Ishkashima";"pamirskie tadzhiki Jazgulema";"405765";"1979_2";"Pamir groups, Pamir groups";NA;"Factual Statement by Author";NA;"diverse / mnogoobrazno"
"pamirskie tadzhiki Gorona";"pamirskie tadzhiki Vakhana";"405765";"1979_2";"Pamir groups, Pamir groups";NA;"Factual Statement by Author";NA;"traditional / narodnyj / nacional'nyj"
"pamirskie tadzhiki Gorona";"pamirskie tadzhiki Vakhana";"405765";"1979_2";"Pamir groups, Pamir groups";NA;"Factual Statement by Author";NA;"diverse / mnogoobrazno"
"pamirskie tadzhiki Ishkashima";"pamirskie tadzhiki Vakhana";"405765";"1979_2";"Pamir groups, Pamir groups";NA;"Factual Statement by Author";NA;"traditional / narodnyj / nacional'nyj"
"pamirskie tadzhiki Ishkashima";"pamirskie tadzhiki Vakhana";"405765";"1979_2";"Pamir groups, Pamir groups";NA;"Factual Statement by Author";NA;"diverse / mnogoobrazno"
"pamirskie tadzhiki Gorona";"pamirskie tadzhiki Ishkashima";"405765";"1979_2";"Pamir groups, Pamir groups";NA;"Factual Statement by Author";NA;"traditional / narodnyj / nacional'nyj"
"pamirskie tadzhiki Gorona";"pamirskie tadzhiki Ishkashima";"405765";"1979_2";"Pamir groups, Pamir groups";NA;"Factual Statement by Author";NA;"diverse / mnogoobrazno"
"Historical Northern Tajikistan (Sogd + Ferghana)";"Historical Southern Tajikistan (Baktria / Tokharistan)";"407903";"1969_3";"Historical locations, Historical locations";"present";"Citation Research, Secondary Literature, doklad, soobsshenie";"Rupture";"changing / in a process of change"
"tadzhiki doliny Jakh-su";"tadzhiki Vakhio";"417025";"1954_3";"groups in mountainous regions, groups in mountainous regions";"past: pre-Russian Empire / pre-Russian colonialism";"Citation Research, Secondary Literature, doklad, soobsshenie";"Continuity";"inhospitable / adverse conditions"
"gornye tadzhiki";"Karategin";"419213";"1954_3";"groups in mountainous regions, gornyj juzhnyj Tadzh. / mountainous regions Southern Tajikistan";"past: pre-Soviet";"Citation Research, Secondary Literature, doklad, soobsshenie";"Rupture";"feudal"
"gornye tadzhiki";"Karategin";"419213";"1954_3";"groups in mountainous regions, gornyj juzhnyj Tadzh. / mountainous regions Southern Tajikistan";"past: pre-Soviet";"Citation Research, Secondary Literature, doklad, soobsshenie";"Rupture";"suppressed / ugnetennyj / exploited / exploitative"
"gornye tadzhiki";"Karategin";"419734";"1954_3";"groups in mountainous regions, gornyj juzhnyj Tadzh. / mountainous regions Southern Tajikistan";"past: early Soviet";"Citation Research, Secondary Literature, doklad, soobsshenie";"Rupture";"soznatel'no / class-conscious"
"gornye tadzhiki";"Karategin";"419734";"1954_3";"groups in mountainous regions, gornyj juzhnyj Tadzh. / mountainous regions Southern Tajikistan";"past: early Soviet";"Citation Research, Secondary Literature, doklad, soobsshenie";"Rupture";"kul'turno / cultured"
"Gissar";"Kuljabskaja oblast' / Kuljab";"422724";"1957_1";"Tajikistan / TadzhSSR, Southern Tajikistan";"past: pre-Soviet";NA;NA;"primitive / primitivno"
"Gissar";"Kuljabskaja oblast' / Kuljab";"422724";"1957_1";"Tajikistan / TadzhSSR, Southern Tajikistan";"past: pre-Soviet";NA;NA;"poor / impoverished"
"Gissar";"Kuljabskaja oblast' / Kuljab";"422724";"1957_1";"Tajikistan / TadzhSSR, Southern Tajikistan";"past: pre-Soviet";NA;NA;"unique / locally specific / svoeobraznyj / samobytnyj"
"prisyrdar'inskij rajon";"tadzhiki Nuratinskogo khrebta";"43508";"1964_1";"Northern Tajikistan, groups in mountainous regions";"past: Stalinist era / 1930s-40s";"Factual Statement by Author";NA;"traditional / narodnyj / nacional'nyj"
"prisyrdar'inskij rajon";"tadzhiki Nuratinskogo khrebta";"43508";"1964_1";"Northern Tajikistan, groups in mountainous regions";"past: Stalinist era / 1930s-40s";"Factual Statement by Author";NA;"developed / razvito"
"prisyrdar'inskij rajon";"tadzhiki Nuratinskogo khrebta";"43508";"1964_1";"Northern Tajikistan, groups in mountainous regions";"present";"Factual Statement by Author";NA;"traditional / narodnyj / nacional'nyj"
"prisyrdar'inskij rajon";"tadzhiki Nuratinskogo khrebta";"43508";"1964_1";"Northern Tajikistan, groups in mountainous regions";"present";"Factual Statement by Author";NA;"developed / razvito"
"tadzhiki v sostave Rossijskogo gosudarstva (Russian Empire)";"tadzhiki Zeravshanskoj doliny";"437353";"1953_2";"Historical groups, tadzhiki";"past: pre-Soviet";"Citation Research, Secondary Literature, doklad, soobsshenie";NA;"polozhitel'no / positive"
"Darvaz";"Karategin";"446788";"1955_4";"gornyj juzhnyj Tadzh. / mountainous regions Southern Tajikistan, gornyj juzhnyj Tadzh. / mountainous regions Southern Tajikistan";"past: pre-Soviet";NA;"Rupture";"zamknutyj (pro obraz zhizni) / secluded (lifestyle)"
"Darvaz";"Karategin";"446788";"1955_4";"gornyj juzhnyj Tadzh. / mountainous regions Southern Tajikistan, gornyj juzhnyj Tadzh. / mountainous regions Southern Tajikistan";"past: pre-Soviet";NA;"Rupture";"otstalyj / backward"
"Darvaz";"Karategin";"446788";"1955_4";"gornyj juzhnyj Tadzh. / mountainous regions Southern Tajikistan, gornyj juzhnyj Tadzh. / mountainous regions Southern Tajikistan";"past: pre-Soviet";NA;"Rupture";"isolated / otdalennyj / trudnodostupnyj"
"Darvaz";"Karategin";"446788";"1955_4";"gornyj juzhnyj Tadzh. / mountainous regions Southern Tajikistan, gornyj juzhnyj Tadzh. / mountainous regions Southern Tajikistan";"past: pre-Soviet";NA;"Rupture";"hungry / lacking food"
"Darvaz";"Karategin";"446788";"1955_4";"gornyj juzhnyj Tadzh. / mountainous regions Southern Tajikistan, gornyj juzhnyj Tadzh. / mountainous regions Southern Tajikistan";"past: pre-Soviet";NA;"Rupture";"inhospitable / adverse conditions"
"Darvaz";"Karategin";"446904";"1955_4";"gornyj juzhnyj Tadzh. / mountainous regions Southern Tajikistan, gornyj juzhnyj Tadzh. / mountainous regions Southern Tajikistan";"present";NA;"Rupture";"developed / razvito"
"Darvaz";"Karategin";"446904";"1955_4";"gornyj juzhnyj Tadzh. / mountainous regions Southern Tajikistan, gornyj juzhnyj Tadzh. / mountainous regions Southern Tajikistan";"present";NA;"Rupture";"modern / sovremennyj"
"Darvaz";"Karategin";"446904";"1955_4";"gornyj juzhnyj Tadzh. / mountainous regions Southern Tajikistan, gornyj juzhnyj Tadzh. / mountainous regions Southern Tajikistan";"present";NA;"Rupture";"egalitarian / liberated"
"Darvaz";"Karategin";"446904";"1955_4";"gornyj juzhnyj Tadzh. / mountainous regions Southern Tajikistan, gornyj juzhnyj Tadzh. / mountainous regions Southern Tajikistan";"present";NA;"Rupture";"obespechenno (material'noe blagosostojanie) / well off"
"Darvaz";"Karategin";"446904";"1955_4";"gornyj juzhnyj Tadzh. / mountainous regions Southern Tajikistan, gornyj juzhnyj Tadzh. / mountainous regions Southern Tajikistan";"present";NA;"Rupture";"progressive / peredovyj / novyj / efficient"
"Karategin";"pripamirskie rajony / Pripamir'";"446904";"1955_4";"gornyj juzhnyj Tadzh. / mountainous regions Southern Tajikistan, Locations";"present";NA;"Rupture";"developed / razvito"
"Karategin";"pripamirskie rajony / Pripamir'";"446904";"1955_4";"gornyj juzhnyj Tadzh. / mountainous regions Southern Tajikistan, Locations";"present";NA;"Rupture";"modern / sovremennyj"
"Karategin";"pripamirskie rajony / Pripamir'";"446904";"1955_4";"gornyj juzhnyj Tadzh. / mountainous regions Southern Tajikistan, Locations";"present";NA;"Rupture";"egalitarian / liberated"
"Karategin";"pripamirskie rajony / Pripamir'";"446904";"1955_4";"gornyj juzhnyj Tadzh. / mountainous regions Southern Tajikistan, Locations";"present";NA;"Rupture";"obespechenno (material'noe blagosostojanie) / well off"
"Karategin";"pripamirskie rajony / Pripamir'";"446904";"1955_4";"gornyj juzhnyj Tadzh. / mountainous regions Southern Tajikistan, Locations";"present";NA;"Rupture";"progressive / peredovyj / novyj / efficient"
"Darvaz";"pripamirskie rajony / Pripamir'";"446904";"1955_4";"gornyj juzhnyj Tadzh. / mountainous regions Southern Tajikistan, Locations";"present";NA;"Rupture";"developed / razvito"
"Darvaz";"pripamirskie rajony / Pripamir'";"446904";"1955_4";"gornyj juzhnyj Tadzh. / mountainous regions Southern Tajikistan, Locations";"present";NA;"Rupture";"modern / sovremennyj"
"Darvaz";"pripamirskie rajony / Pripamir'";"446904";"1955_4";"gornyj juzhnyj Tadzh. / mountainous regions Southern Tajikistan, Locations";"present";NA;"Rupture";"egalitarian / liberated"
"Darvaz";"pripamirskie rajony / Pripamir'";"446904";"1955_4";"gornyj juzhnyj Tadzh. / mountainous regions Southern Tajikistan, Locations";"present";NA;"Rupture";"obespechenno (material'noe blagosostojanie) / well off"
"Darvaz";"pripamirskie rajony / Pripamir'";"446904";"1955_4";"gornyj juzhnyj Tadzh. / mountainous regions Southern Tajikistan, Locations";"present";NA;"Rupture";"progressive / peredovyj / novyj / efficient"
"Darvaz";"gorcy-tadzhiki / tadzhiki-gorcy";"446904";"1955_4";"gornyj juzhnyj Tadzh. / mountainous regions Southern Tajikistan, gornye tadzhiki";"present";NA;"Rupture";"developed / razvito"
"Darvaz";"gorcy-tadzhiki / tadzhiki-gorcy";"446904";"1955_4";"gornyj juzhnyj Tadzh. / mountainous regions Southern Tajikistan, gornye tadzhiki";"present";NA;"Rupture";"modern / sovremennyj"
"Darvaz";"gorcy-tadzhiki / tadzhiki-gorcy";"446904";"1955_4";"gornyj juzhnyj Tadzh. / mountainous regions Southern Tajikistan, gornye tadzhiki";"present";NA;"Rupture";"egalitarian / liberated"
"Darvaz";"gorcy-tadzhiki / tadzhiki-gorcy";"446904";"1955_4";"gornyj juzhnyj Tadzh. / mountainous regions Southern Tajikistan, gornye tadzhiki";"present";NA;"Rupture";"obespechenno (material'noe blagosostojanie) / well off"
"Darvaz";"gorcy-tadzhiki / tadzhiki-gorcy";"446904";"1955_4";"gornyj juzhnyj Tadzh. / mountainous regions Southern Tajikistan, gornye tadzhiki";"present";NA;"Rupture";"progressive / peredovyj / novyj / efficient"
"Historical Northern Tajikistan (Sogd + Ferghana)";"tadzhiki verkhov'ev Chirchika (Uzbekistan)";"456000";"1984_6";"Historical locations, Tajiks outside the Tajik SSR";"present";"Citation Research, Secondary Literature, doklad, soobsshenie";NA;"traditional / narodnyj / nacional'nyj"
"gornye rajony Kuljabskoj oblasti";"ravniny juzhnogo Tadzhikistana / Southern Tajikistan plainlands";"479456";"1974_6";"Kuljabskaja oblast' / Kuljab, ravninnye oblasti Tadzh. / plainland regions of Tajikistan";NA;"Citation Research, Secondary Literature, doklad, soobsshenie";NA;"traditional / narodnyj / nacional'nyj"
"vostochnaja chast' Bukharskogo khanstva";"zapadnaja chast' Bukharskogo khanstva";"487585";"1957_2";"Vostochnaja Bukhara / Bukharskoe khanstvo / Bukharskij emirat, Vostochnaja Bukhara / Bukharskoe khanstvo / Bukharskij emirat";"past: pre-Soviet";"Citation Research, Secondary Literature, doklad, soobsshenie";NA;"feudal"
"vostochnaja chast' Bukharskogo khanstva";"zapadnaja chast' Bukharskogo khanstva";"487585";"1957_2";"Vostochnaja Bukhara / Bukharskoe khanstvo / Bukharskij emirat, Vostochnaja Bukhara / Bukharskoe khanstvo / Bukharskij emirat";"past: pre-Soviet";"Citation Research, Secondary Literature, doklad, soobsshenie";NA;"patriarchal"
"vostochnaja chast' Bukharskogo khanstva";"zapadnaja chast' Bukharskogo khanstva";"487585";"1957_2";"Vostochnaja Bukhara / Bukharskoe khanstvo / Bukharskij emirat, Vostochnaja Bukhara / Bukharskoe khanstvo / Bukharskij emirat";"past: pre-Soviet";"Citation Research, Secondary Literature, doklad, soobsshenie";NA;"unequal"
"vostochnaja chast' Bukharskogo khanstva";"zapadnaja chast' Bukharskogo khanstva";"487585";"1957_2";"Vostochnaja Bukhara / Bukharskoe khanstvo / Bukharskij emirat, Vostochnaja Bukhara / Bukharskoe khanstvo / Bukharskij emirat";"past: pre-Soviet";"Citation Research, Secondary Literature, doklad, soobsshenie";NA;"suppressed / ugnetennyj / exploited / exploitative"
"Isfara";"Ura-Tjube";"49854";"1982_3";"Ferghana / Ferganskaja dolina, Ferghana / Ferganskaja dolina";"past: pre-Soviet";"Factual Statement by Author";NA;"peaceful"
"Isfara";"Ura-Tjube";"49973";"1982_3";"Ferghana / Ferganskaja dolina, Ferghana / Ferganskaja dolina";"past: pre-Russian Empire / pre-Russian colonialism";"Factual Statement by Author";NA;"belligerent"
"Ferghana / Ferganskaja dolina";"Golodnaja step'";"522873";"1955_3";"Northern Tajikistan, Ferghana / Ferganskaja dolina";"present";"Citation Research, Secondary Literature, doklad, soobsshenie";"Rupture";"developed / razvito"
"Ferghana / Ferganskaja dolina";"Golodnaja step'";"522873";"1955_3";"Northern Tajikistan, Ferghana / Ferganskaja dolina";"present";"Citation Research, Secondary Literature, doklad, soobsshenie";"Rupture";"progressive / peredovyj / novyj / efficient"
"Ferghana / Ferganskaja dolina";"Golodnaja step'";"522873";"1955_3";"Northern Tajikistan, Ferghana / Ferganskaja dolina";"present";"Citation Research, Secondary Literature, doklad, soobsshenie";"Rupture";"innovative"
"Ferghana / Ferganskaja dolina";"Golodnaja step'";"522873";"1955_3";"Northern Tajikistan, Ferghana / Ferganskaja dolina";"present";"Citation Research, Secondary Literature, doklad, soobsshenie";"Rupture";"successful / uspeshno"
"Ferghana / Ferganskaja dolina";"Golodnaja step'";"522873";"1955_3";"Northern Tajikistan, Ferghana / Ferganskaja dolina";"present";"Correction of cited research or literature";"Rupture";"developed / razvito"
"Ferghana / Ferganskaja dolina";"Golodnaja step'";"522873";"1955_3";"Northern Tajikistan, Ferghana / Ferganskaja dolina";"present";"Correction of cited research or literature";"Rupture";"progressive / peredovyj / novyj / efficient"
"Ferghana / Ferganskaja dolina";"Golodnaja step'";"522873";"1955_3";"Northern Tajikistan, Ferghana / Ferganskaja dolina";"present";"Correction of cited research or literature";"Rupture";"innovative"
"Ferghana / Ferganskaja dolina";"Golodnaja step'";"522873";"1955_3";"Northern Tajikistan, Ferghana / Ferganskaja dolina";"present";"Correction of cited research or literature";"Rupture";"successful / uspeshno"
"tadzhiki Bukhary (Uzbekistan)";"tadzhiki Samarkanda (Uzbekistan)";"53066";"1991_1";"Tajiks outside the Tajik SSR, Tajiks outside the Tajik SSR";"past: Stalinist era / 1930s-40s";"Factual Statement by Author";NA;"resistent / resisting"
"tadzhiki Bukhary (Uzbekistan)";"tadzhiki Samarkanda (Uzbekistan)";"53066";"1991_1";"Tajiks outside the Tajik SSR, Tajiks outside the Tajik SSR";"past: early Soviet";"Factual Statement by Author";NA;"resistent / resisting"
"bassejn / dolina Zeravshan";"verkhovya Matchi";"531251";"1953_3";"Zeravshan, gornyj severnyj Tadzh./ mountainous regions Northern Tajikistan";"present";"Factual Statement by Author";NA;"traditional / narodnyj / nacional'nyj"
"Tajikistan / TadzhSSR";"Ura-Tjube";"538087";"1953_3";"Locations, Ferghana / Ferganskaja dolina";"present";"Factual Statement by Author";NA;"traditional / narodnyj / nacional'nyj"
"downstream r. Zeravshan";"severnye otrogi Zeravshanskogo khrebta";"543490";"1953_3";"Zeravshan, Zeravshan";"present";"Factual Statement by Author";NA;"unique / locally specific / svoeobraznyj / samobytnyj"
"Isfara";"Ura-Tjube";"54923";"1982_3";"Ferghana / Ferganskaja dolina, Ferghana / Ferganskaja dolina";"past: pre-Soviet";"Factual Statement by Author";"Continuity";"democratic"
"pamirskie narody";"shugnancy";"55318";"1989_5";"Pamir groups, Pamir groups";NA;"Citation Research, Secondary Literature, doklad, soobsshenie";NA;"threatened / attacked / in need of protection"
"pamirskie narody";"rushancy";"55318";"1989_5";"Pamir groups, Pamir groups";NA;"Citation Research, Secondary Literature, doklad, soobsshenie";NA;"threatened / attacked / in need of protection"
"ishkashimcy";"pamirskie narody";"55318";"1989_5";"Pamir groups, Pamir groups";NA;"Citation Research, Secondary Literature, doklad, soobsshenie";NA;"threatened / attacked / in need of protection"
"pamirskie narody";"vakhancy";"55318";"1989_5";"Pamir groups, Pamir groups";NA;"Citation Research, Secondary Literature, doklad, soobsshenie";NA;"threatened / attacked / in need of protection"
"jazgulemcy";"pamirskie narody";"55318";"1989_5";"Pamir groups, Pamir groups";NA;"Citation Research, Secondary Literature, doklad, soobsshenie";NA;"threatened / attacked / in need of protection"
"pamirskie narody";"tadzhiki";"55318";"1989_5";"Pamir groups, Groups";NA;"Citation Research, Secondary Literature, doklad, soobsshenie";NA;"threatened / attacked / in need of protection"
"rushancy";"shugnancy";"55318";"1989_5";"Pamir groups, Pamir groups";NA;"Citation Research, Secondary Literature, doklad, soobsshenie";NA;"threatened / attacked / in need of protection"
"ishkashimcy";"shugnancy";"55318";"1989_5";"Pamir groups, Pamir groups";NA;"Citation Research, Secondary Literature, doklad, soobsshenie";NA;"threatened / attacked / in need of protection"
"shugnancy";"vakhancy";"55318";"1989_5";"Pamir groups, Pamir groups";NA;"Citation Research, Secondary Literature, doklad, soobsshenie";NA;"threatened / attacked / in need of protection"
"jazgulemcy";"shugnancy";"55318";"1989_5";"Pamir groups, Pamir groups";NA;"Citation Research, Secondary Literature, doklad, soobsshenie";NA;"threatened / attacked / in need of protection"
"shugnancy";"tadzhiki";"55318";"1989_5";"Pamir groups, Groups";NA;"Citation Research, Secondary Literature, doklad, soobsshenie";NA;"threatened / attacked / in need of protection"
"ishkashimcy";"rushancy";"55318";"1989_5";"Pamir groups, Pamir groups";NA;"Citation Research, Secondary Literature, doklad, soobsshenie";NA;"threatened / attacked / in need of protection"
"rushancy";"vakhancy";"55318";"1989_5";"Pamir groups, Pamir groups";NA;"Citation Research, Secondary Literature, doklad, soobsshenie";NA;"threatened / attacked / in need of protection"
"jazgulemcy";"rushancy";"55318";"1989_5";"Pamir groups, Pamir groups";NA;"Citation Research, Secondary Literature, doklad, soobsshenie";NA;"threatened / attacked / in need of protection"
"rushancy";"tadzhiki";"55318";"1989_5";"Pamir groups, Groups";NA;"Citation Research, Secondary Literature, doklad, soobsshenie";NA;"threatened / attacked / in need of protection"
"ishkashimcy";"vakhancy";"55318";"1989_5";"Pamir groups, Pamir groups";NA;"Citation Research, Secondary Literature, doklad, soobsshenie";NA;"threatened / attacked / in need of protection"
"ishkashimcy";"jazgulemcy";"55318";"1989_5";"Pamir groups, Pamir groups";NA;"Citation Research, Secondary Literature, doklad, soobsshenie";NA;"threatened / attacked / in need of protection"
"ishkashimcy";"tadzhiki";"55318";"1989_5";"Pamir groups, Groups";NA;"Citation Research, Secondary Literature, doklad, soobsshenie";NA;"threatened / attacked / in need of protection"
"jazgulemcy";"vakhancy";"55318";"1989_5";"Pamir groups, Pamir groups";NA;"Citation Research, Secondary Literature, doklad, soobsshenie";NA;"threatened / attacked / in need of protection"
"jazgulemcy";"tadzhiki";"55318";"1989_5";"Pamir groups, Groups";NA;"Citation Research, Secondary Literature, doklad, soobsshenie";NA;"threatened / attacked / in need of protection"
"Isfara";"Ura-Tjube";"55722";"1982_3";"Ferghana / Ferganskaja dolina, Ferghana / Ferganskaja dolina";"past: early Soviet";"Factual Statement by Author";NA;"progressive / peredovyj / novyj / efficient"
"Isfara";"Ura-Tjube";"55722";"1982_3";"Ferghana / Ferganskaja dolina, Ferghana / Ferganskaja dolina";"present";"Factual Statement by Author";NA;"progressive / peredovyj / novyj / efficient"
"ishkashimcy";"shugnancy";"575107";"1979_2";"Pamir groups, Pamir groups";"present";NA;NA;"isolated / otdalennyj / trudnodostupnyj"
"ishkashimcy";"shugnancy";"575107";"1979_2";"Pamir groups, Pamir groups";"present";NA;NA;"unique / locally specific / svoeobraznyj / samobytnyj"
"ishkashimcy";"shugnancy";"575107";"1979_2";"Pamir groups, Pamir groups";"present";NA;NA;"samostojatel'no / independent"
"sarykol'cy";"shugnancy";"575107";"1979_2";"Pamir groups, Pamir groups";"present";NA;NA;"isolated / otdalennyj / trudnodostupnyj"
"sarykol'cy";"shugnancy";"575107";"1979_2";"Pamir groups, Pamir groups";"present";NA;NA;"unique / locally specific / svoeobraznyj / samobytnyj"
"sarykol'cy";"shugnancy";"575107";"1979_2";"Pamir groups, Pamir groups";"present";NA;NA;"samostojatel'no / independent"
"mundzhancy";"shugnancy";"575107";"1979_2";"Pamir groups, Pamir groups";"present";NA;NA;"isolated / otdalennyj / trudnodostupnyj"
"mundzhancy";"shugnancy";"575107";"1979_2";"Pamir groups, Pamir groups";"present";NA;NA;"unique / locally specific / svoeobraznyj / samobytnyj"
"mundzhancy";"shugnancy";"575107";"1979_2";"Pamir groups, Pamir groups";"present";NA;NA;"samostojatel'no / independent"
"shugnancy";"vakhancy";"575107";"1979_2";"Pamir groups, Pamir groups";"present";NA;NA;"isolated / otdalennyj / trudnodostupnyj"
"shugnancy";"vakhancy";"575107";"1979_2";"Pamir groups, Pamir groups";"present";NA;NA;"unique / locally specific / svoeobraznyj / samobytnyj"
"shugnancy";"vakhancy";"575107";"1979_2";"Pamir groups, Pamir groups";"present";NA;NA;"samostojatel'no / independent"
"jazgulemcy";"shugnancy";"575107";"1979_2";"Pamir groups, Pamir groups";"present";NA;NA;"isolated / otdalennyj / trudnodostupnyj"
"jazgulemcy";"shugnancy";"575107";"1979_2";"Pamir groups, Pamir groups";"present";NA;NA;"unique / locally specific / svoeobraznyj / samobytnyj"
"jazgulemcy";"shugnancy";"575107";"1979_2";"Pamir groups, Pamir groups";"present";NA;NA;"samostojatel'no / independent"
"narodnosti Zapadnogo Pamira";"shugnancy";"575107";"1979_2";"Pamir groups, Pamir groups";"present";NA;NA;"isolated / otdalennyj / trudnodostupnyj"
"narodnosti Zapadnogo Pamira";"shugnancy";"575107";"1979_2";"Pamir groups, Pamir groups";"present";NA;NA;"unique / locally specific / svoeobraznyj / samobytnyj"
"narodnosti Zapadnogo Pamira";"shugnancy";"575107";"1979_2";"Pamir groups, Pamir groups";"present";NA;NA;"samostojatel'no / independent"
"ishkashimcy";"sarykol'cy";"575107";"1979_2";"Pamir groups, Pamir groups";"present";NA;NA;"isolated / otdalennyj / trudnodostupnyj"
"ishkashimcy";"sarykol'cy";"575107";"1979_2";"Pamir groups, Pamir groups";"present";NA;NA;"unique / locally specific / svoeobraznyj / samobytnyj"
"ishkashimcy";"sarykol'cy";"575107";"1979_2";"Pamir groups, Pamir groups";"present";NA;NA;"samostojatel'no / independent"
"ishkashimcy";"mundzhancy";"575107";"1979_2";"Pamir groups, Pamir groups";"present";NA;NA;"isolated / otdalennyj / trudnodostupnyj"
"ishkashimcy";"mundzhancy";"575107";"1979_2";"Pamir groups, Pamir groups";"present";NA;NA;"unique / locally specific / svoeobraznyj / samobytnyj"
"ishkashimcy";"mundzhancy";"575107";"1979_2";"Pamir groups, Pamir groups";"present";NA;NA;"samostojatel'no / independent"
"ishkashimcy";"vakhancy";"575107";"1979_2";"Pamir groups, Pamir groups";"present";NA;NA;"isolated / otdalennyj / trudnodostupnyj"
"ishkashimcy";"vakhancy";"575107";"1979_2";"Pamir groups, Pamir groups";"present";NA;NA;"unique / locally specific / svoeobraznyj / samobytnyj"
"ishkashimcy";"vakhancy";"575107";"1979_2";"Pamir groups, Pamir groups";"present";NA;NA;"samostojatel'no / independent"
"ishkashimcy";"jazgulemcy";"575107";"1979_2";"Pamir groups, Pamir groups";"present";NA;NA;"isolated / otdalennyj / trudnodostupnyj"
"ishkashimcy";"jazgulemcy";"575107";"1979_2";"Pamir groups, Pamir groups";"present";NA;NA;"unique / locally specific / svoeobraznyj / samobytnyj"
"ishkashimcy";"jazgulemcy";"575107";"1979_2";"Pamir groups, Pamir groups";"present";NA;NA;"samostojatel'no / independent"
"ishkashimcy";"narodnosti Zapadnogo Pamira";"575107";"1979_2";"Pamir groups, Pamir groups";"present";NA;NA;"isolated / otdalennyj / trudnodostupnyj"
"ishkashimcy";"narodnosti Zapadnogo Pamira";"575107";"1979_2";"Pamir groups, Pamir groups";"present";NA;NA;"unique / locally specific / svoeobraznyj / samobytnyj"
"ishkashimcy";"narodnosti Zapadnogo Pamira";"575107";"1979_2";"Pamir groups, Pamir groups";"present";NA;NA;"samostojatel'no / independent"
"mundzhancy";"sarykol'cy";"575107";"1979_2";"Pamir groups, Pamir groups";"present";NA;NA;"isolated / otdalennyj / trudnodostupnyj"
"mundzhancy";"sarykol'cy";"575107";"1979_2";"Pamir groups, Pamir groups";"present";NA;NA;"unique / locally specific / svoeobraznyj / samobytnyj"
"mundzhancy";"sarykol'cy";"575107";"1979_2";"Pamir groups, Pamir groups";"present";NA;NA;"samostojatel'no / independent"
"sarykol'cy";"vakhancy";"575107";"1979_2";"Pamir groups, Pamir groups";"present";NA;NA;"isolated / otdalennyj / trudnodostupnyj"
"sarykol'cy";"vakhancy";"575107";"1979_2";"Pamir groups, Pamir groups";"present";NA;NA;"unique / locally specific / svoeobraznyj / samobytnyj"
"sarykol'cy";"vakhancy";"575107";"1979_2";"Pamir groups, Pamir groups";"present";NA;NA;"samostojatel'no / independent"
"jazgulemcy";"sarykol'cy";"575107";"1979_2";"Pamir groups, Pamir groups";"present";NA;NA;"isolated / otdalennyj / trudnodostupnyj"
"jazgulemcy";"sarykol'cy";"575107";"1979_2";"Pamir groups, Pamir groups";"present";NA;NA;"unique / locally specific / svoeobraznyj / samobytnyj"
"jazgulemcy";"sarykol'cy";"575107";"1979_2";"Pamir groups, Pamir groups";"present";NA;NA;"samostojatel'no / independent"
"narodnosti Zapadnogo Pamira";"sarykol'cy";"575107";"1979_2";"Pamir groups, Pamir groups";"present";NA;NA;"isolated / otdalennyj / trudnodostupnyj"
"narodnosti Zapadnogo Pamira";"sarykol'cy";"575107";"1979_2";"Pamir groups, Pamir groups";"present";NA;NA;"unique / locally specific / svoeobraznyj / samobytnyj"
"narodnosti Zapadnogo Pamira";"sarykol'cy";"575107";"1979_2";"Pamir groups, Pamir groups";"present";NA;NA;"samostojatel'no / independent"
"mundzhancy";"vakhancy";"575107";"1979_2";"Pamir groups, Pamir groups";"present";NA;NA;"isolated / otdalennyj / trudnodostupnyj"
"mundzhancy";"vakhancy";"575107";"1979_2";"Pamir groups, Pamir groups";"present";NA;NA;"unique / locally specific / svoeobraznyj / samobytnyj"
"mundzhancy";"vakhancy";"575107";"1979_2";"Pamir groups, Pamir groups";"present";NA;NA;"samostojatel'no / independent"
"jazgulemcy";"mundzhancy";"575107";"1979_2";"Pamir groups, Pamir groups";"present";NA;NA;"isolated / otdalennyj / trudnodostupnyj"
"jazgulemcy";"mundzhancy";"575107";"1979_2";"Pamir groups, Pamir groups";"present";NA;NA;"unique / locally specific / svoeobraznyj / samobytnyj"
"jazgulemcy";"mundzhancy";"575107";"1979_2";"Pamir groups, Pamir groups";"present";NA;NA;"samostojatel'no / independent"
"mundzhancy";"narodnosti Zapadnogo Pamira";"575107";"1979_2";"Pamir groups, Pamir groups";"present";NA;NA;"isolated / otdalennyj / trudnodostupnyj"
"mundzhancy";"narodnosti Zapadnogo Pamira";"575107";"1979_2";"Pamir groups, Pamir groups";"present";NA;NA;"unique / locally specific / svoeobraznyj / samobytnyj"
"mundzhancy";"narodnosti Zapadnogo Pamira";"575107";"1979_2";"Pamir groups, Pamir groups";"present";NA;NA;"samostojatel'no / independent"
"jazgulemcy";"vakhancy";"575107";"1979_2";"Pamir groups, Pamir groups";"present";NA;NA;"isolated / otdalennyj / trudnodostupnyj"
"jazgulemcy";"vakhancy";"575107";"1979_2";"Pamir groups, Pamir groups";"present";NA;NA;"unique / locally specific / svoeobraznyj / samobytnyj"
"jazgulemcy";"vakhancy";"575107";"1979_2";"Pamir groups, Pamir groups";"present";NA;NA;"samostojatel'no / independent"
"narodnosti Zapadnogo Pamira";"vakhancy";"575107";"1979_2";"Pamir groups, Pamir groups";"present";NA;NA;"isolated / otdalennyj / trudnodostupnyj"
"narodnosti Zapadnogo Pamira";"vakhancy";"575107";"1979_2";"Pamir groups, Pamir groups";"present";NA;NA;"unique / locally specific / svoeobraznyj / samobytnyj"
"narodnosti Zapadnogo Pamira";"vakhancy";"575107";"1979_2";"Pamir groups, Pamir groups";"present";NA;NA;"samostojatel'no / independent"
"jazgulemcy";"narodnosti Zapadnogo Pamira";"575107";"1979_2";"Pamir groups, Pamir groups";"present";NA;NA;"isolated / otdalennyj / trudnodostupnyj"
"jazgulemcy";"narodnosti Zapadnogo Pamira";"575107";"1979_2";"Pamir groups, Pamir groups";"present";NA;NA;"unique / locally specific / svoeobraznyj / samobytnyj"
"jazgulemcy";"narodnosti Zapadnogo Pamira";"575107";"1979_2";"Pamir groups, Pamir groups";"present";NA;NA;"samostojatel'no / independent"
"gornye tadzhiki";"pamirskie tadzhiki";"58612";"1964-5";"groups in mountainous regions, Pamir groups";NA;"Factual Statement by Author";NA;"isolated / otdalennyj / trudnodostupnyj"
"gornye tadzhiki";"pamirskie tadzhiki";"58612";"1964-5";"groups in mountainous regions, Pamir groups";NA;"Factual Statement by Author";NA;"""chisto"" / pure / clean"
"gornye tadzhiki";"pamirskie tadzhiki";"58612";"1964-5";"groups in mountainous regions, Pamir groups";NA;"Factual Statement by Author";NA;"evropeoidno / Caucasian / Europoid (racial classification)"
"pamirskie tadzhiki Ishkashima";"pamirskie tadzhiki Vakhana";"586888";"1978_1";"Pamir groups, Pamir groups";"past";"Literature Review";"Continuity";"primitive / primitivno"
"pamirskie tadzhiki Ishkashima";"pamirskie tadzhiki Vakhana";"586888";"1978_1";"Pamir groups, Pamir groups";"past";"Literature Review";"Continuity";"khorosho prisposobleno / well adapted"
"pamirskie tadzhiki Ishkashima";"pamirskie tadzhiki Vakhana";"586888";"1978_1";"Pamir groups, Pamir groups";"past";"Literature Review";"Continuity";"traditional / narodnyj / nacional'nyj"
"dolina r. Khuf / Khuf";"Pamir";"621993";"1953_4";"pripamirskie rajony / Pripamir', Locations";"present";"Literature Review";"Rupture";"obespechenno (material'noe blagosostojanie) / well off"
"dolina r. Khuf / Khuf";"Pamir";"621993";"1953_4";"pripamirskie rajony / Pripamir', Locations";"present";"Literature Review";"Rupture";"changing / in a process of change"
"dolina r. Khuf / Khuf";"Pamir";"621993";"1953_4";"pripamirskie rajony / Pripamir', Locations";"present";"Literature Review";"Rupture";"developed / razvito"
"dolina r. Khuf / Khuf";"Pamir";"621993";"1953_4";"pripamirskie rajony / Pripamir', Locations";"present";"Literature Review";"Rupture";"educated"
"Isfara";"Ura-Tjube";"63448";"1982_3";"Ferghana / Ferganskaja dolina, Ferghana / Ferganskaja dolina";"present";"Factual Statement by Author";NA;"modern / sovremennyj"
"Tajik women / tadzhichki zemledel'cheskikh oazisov Srednej Azii";"zhensshiny gorodskogo naselenija Tadzh. / women in Tajik cities";"66099";"1975_6";"tadzhiki - zhiteli zemledel'cheskikh oazisov Srednej Azii, gorodskoe naselenie Tadzh. / urban population of Tajikistan";"past: pre-Soviet";"Factual Statement by Author";NA;"passive"
"Tajik women / tadzhichki zemledel'cheskikh oazisov Srednej Azii";"zhensshiny gorodskogo naselenija Tadzh. / women in Tajik cities";"66099";"1975_6";"tadzhiki - zhiteli zemledel'cheskikh oazisov Srednej Azii, gorodskoe naselenie Tadzh. / urban population of Tajikistan";"past: pre-Soviet";"Factual Statement by Author";NA;"zamknutyj (pro obraz zhizni) / secluded (lifestyle)"
"Tajik women / tadzhichki zemledel'cheskikh oazisov Srednej Azii";"zhensshiny gorodskogo naselenija Tadzh. / women in Tajik cities";"66099";"1975_6";"tadzhiki - zhiteli zemledel'cheskikh oazisov Srednej Azii, gorodskoe naselenie Tadzh. / urban population of Tajikistan";"past: pre-Soviet";"Factual Statement by Author";NA;"suppressed / ugnetennyj / exploited / exploitative"
"Tajik women / tadzhichki zemledel'cheskikh oazisov Srednej Azii";"zhensshiny gorodskogo naselenija Tadzh. / women in Tajik cities";"66099";"1975_6";"tadzhiki - zhiteli zemledel'cheskikh oazisov Srednej Azii, gorodskoe naselenie Tadzh. / urban population of Tajikistan";"past: pre-Soviet";"Factual Statement by Author";NA;"unequal"
"tadzhiki Bukhary (Uzbekistan)";"tadzhiki Samarkanda (Uzbekistan)";"70630";"1991_1";"Tajiks outside the Tajik SSR, Tajiks outside the Tajik SSR";"present";"Factual Statement by Author";NA;"unequal"
"tadzhiki Bukhary (Uzbekistan)";"tadzhiki Samarkanda (Uzbekistan)";"74721";"1991_1";"Tajiks outside the Tajik SSR, Tajiks outside the Tajik SSR";"present";"Factual Statement by Author";NA;"impoverished (culturally / spiritually)"
"tadzhiki Bukhary (Uzbekistan)";"tadzhiki Samarkanda (Uzbekistan)";"74721";"1991_1";"Tajiks outside the Tajik SSR, Tajiks outside the Tajik SSR";"present";"Factual Statement by Author";NA;"suppressed / ugnetennyj / exploited / exploitative"
"tadzhiki Bukhary (Uzbekistan)";"tadzhiki Samarkanda (Uzbekistan)";"79201";"1991_1";"Tajiks outside the Tajik SSR, Tajiks outside the Tajik SSR";"present";"Factual Statement by Author";NA;"democratic"
"tadzhiki Bukhary (Uzbekistan)";"tadzhiki Samarkanda (Uzbekistan)";"79201";"1991_1";"Tajiks outside the Tajik SSR, Tajiks outside the Tajik SSR";"present";"Factual Statement by Author";NA;"active"
"tadzhiki Bukhary (Uzbekistan)";"tadzhiki Samarkanda (Uzbekistan)";"79201";"1991_1";"Tajiks outside the Tajik SSR, Tajiks outside the Tajik SSR";"present";"Factual Statement by Author";NA;"peaceful"
"pamirskie tadzhiki Ishkashima";"pamirskie tadzhiki Rushana";"85301";"1984_4";"Pamir groups, Pamir groups";"present";"Factual Statement by Author";"Continuity";"traditional / narodnyj / nacional'nyj"
"pamirskie tadzhiki Ishkashima";"pamirskie tadzhiki Rushana";"85301";"1984_4";"Pamir groups, Pamir groups";"past";"Factual Statement by Author";"Continuity";"traditional / narodnyj / nacional'nyj"
"pripamirskie narodnosti / narody / pripamircy";"tadzhiki";"96098";"1965_6";"Pamir groups, Groups";"present";"Factual Statement by Author";NA;"changing / in a process of change"
"pripamirskie narodnosti / narody / pripamircy";"tadzhiki";"96098";"1965_6";"Pamir groups, Groups";"present";"Factual Statement by Author";NA;"mixed / coexisting"
